kge,mae,n_mae,nse,cc,rmse,max_mon_abs_err,n_max_mon_abs_err,q90_mae,q10_mae,q90_days_err,q10_days_err,kge_log_q,kge_summer,kge_winter,kge_spring,kge_autumn,mae_summer,mae_winter,mae_spring,mae_autumn,ge_q25_mae,ge_q50_mae,ge_q75_mae
0.11719419903206707,35.20422252546628,0.7447767153758793,-1.2000866788303188,0.6150356951355594,69.62374292231841,88.61201269633241,1.8796001072138524,124.54669938979454,38.2031158515233,5,325,0.14421925120259993,0.4695864568132936,-0.2683083363303207,0.11605547448654652,0.3318240832555257,20.96834940087047,19.985849468849498,75.06593799921453,24.32400313090114,43.22362213960703,54.532824299567864,79.34988455448537
