kge,mae,n_mae,nse,cc,rmse,max_mon_abs_err,n_max_mon_abs_err,q90_mae,q10_mae,q90_days_err,q10_days_err,kge_log_q,kge_summer,kge_winter,kge_spring,kge_autumn,mae_summer,mae_winter,mae_spring,mae_autumn,ge_q25_mae,ge_q50_mae,ge_q75_mae
0.0735953039060746,37.56785604758512,0.7947814899361626,-1.5348242529807563,0.525597585200513,74.73282476158904,100.53878751543206,2.1325857526874374,124.78834721346735,40.7099198107504,5,326,0.12198834531076463,0.4560541370795195,-0.2509577415785291,0.047748967039064616,0.2844943312485676,21.2537936234758,20.121727301910788,83.40735449623389,24.94463438297125,45.852743248788975,57.299416433954754,82.19071487404089
