{
    "{\"alpha\": 0.0001, \"early_stopping\": true, \"hidden_layer_sizes\": [300], \"max_iter\": 1000, \"random_state\": 42}": {
        "train_kge": [
            [
                0.9775137600909357,
                0.987668174230914,
                -0.01048480910896843,
                -0.008395167559891758
            ],
            [
                0.9289140557372221,
                0.9625086185882481,
                -0.01966612904549394,
                -0.016451101567968363
            ]
        ],
        "test_kge": [
            [
                0.864817178839929,
                0.9222058503186629,
                -0.022713865597908313,
                0.0014841368572727997
            ],
            [
                0.8237634475316288,
                0.8809052887249896,
                -0.05250412234620143,
                0.04211198112100205
            ]
        ]
    },
    "{\"alpha\": 0.0001, \"early_stopping\": true, \"hidden_layer_sizes\": [200], \"max_iter\": 1000, \"random_state\": 42}": {
        "train_kge": [
            [
                0.9712046391599678,
                0.9867789158055013,
                0.0015619968847963462,
                -0.023378119717991485
            ],
            [
                0.9125312756422599,
                0.9605364276886867,
                0.01867629676064273,
                -0.07462042122146426
            ]
        ],
        "test_kge": [
            [
                0.8821574084186714,
                0.929120692206799,
                -0.010345200053433468,
                -0.02409389048446131
            ],
            [
                0.8305986277285278,
                0.8778125061256749,
                -0.0030464788652658113,
                -0.03744279225543061
            ]
        ]
    },
    "{\"alpha\": 0.0001, \"early_stopping\": true, \"hidden_layer_sizes\": [100], \"max_iter\": 1000, \"random_state\": 42}": {
        "train_kge": [
            [
                0.9589003386929311,
                0.9838498490180392,
                0.010987040245777435,
                -0.024244024083805014
            ],
            [
                0.9155769172674159,
                0.9529346318634886,
                -0.007619760328174907,
                -0.03947830536338657
            ]
        ],
        "test_kge": [
            [
                0.8518432141016898,
                0.9102426406049329,
                -0.00933392450360988,
                0.025586130220376656
            ],
            [
                0.7958043803716816,
                0.8700400346890117,
                -0.023467632014498974,
                0.005770333379179249
            ]
        ]
    },
    "{\"alpha\": 0.0001, \"early_stopping\": true, \"hidden_layer_sizes\": [50, 25], \"max_iter\": 1000, \"random_state\": 42}": {
        "train_kge": [
            [
                0.9677617263481512,
                0.9888157371750358,
                -0.0005843103514964421,
                -0.017226668037887104
            ],
            [
                0.9449650554079163,
                0.9699778102651214,
                -0.003096943484622483,
                -0.03310079801651298
            ]
        ],
        "test_kge": [
            [
                0.8884081955770341,
                0.9454224324986875,
                -0.016578063067885118,
                -0.004879474729803457
            ],
            [
                0.8522602909333665,
                0.908995019643179,
                -0.0252807849716705,
                -0.02703205534781834
            ]
        ]
    },
    "{\"alpha\": 0.0001, \"early_stopping\": true, \"hidden_layer_sizes\": [200], \"learning_rate\": \"adaptive\", \"learning_rate_init\": 0.002, \"max_iter\": 1000, \"random_state\": 42}": {
        "train_kge": [
            [
                0.9641489954916971,
                0.9871129530542241,
                -0.011310440255958332,
                -0.0032627039859644213
            ],
            [
                0.9203776017977141,
                0.9607774271209003,
                0.017536757535716818,
                -0.06225095276385251
            ]
        ],
        "test_kge": [
            [
                0.8592935230192099,
                0.929248290251605,
                -0.03547209253990067,
                0.012951112556619404
            ],
            [
                0.8436194845068657,
                0.8794839448096328,
                -0.002307812092159178,
                -0.04230801313494703
            ]
        ]
    }
}