{
    "{\"max_depth\": null, \"n_estimators\": 50, \"random_state\": 42}": {
        "train_kge": [
            [
                0.98798341398788,
                0.9976609126425643,
                0.0011451002406107857,
                -0.011726819965608915
            ],
            [
                0.9615630516134506,
                0.9920187492140684,
                0.003047148385186338,
                -0.03746957940477243
            ]
        ],
        "test_kge": [
            [
                0.7578661965245279,
                0.8728145802630938,
                -0.02338051753871768,
                -0.15116985718328624
            ],
            [
                0.7145131559358467,
                0.8452859926151237,
                -0.018463346332599807,
                -0.21535601502269489
            ]
        ]
    },
    "{\"max_depth\": null, \"n_estimators\": 100, \"random_state\": 42}": {
        "train_kge": [
            [
                0.9876471956474226,
                0.9978191202902773,
                0.0010778145809046346,
                -0.012109552028746307
            ],
            [
                0.9617747629852638,
                0.9927280640057816,
                0.0031439126676059636,
                -0.03739298790281098
            ]
        ],
        "test_kge": [
            [
                0.7543976152521885,
                0.8706398116223237,
                -0.021841818587653418,
                -0.1502046324789274
            ],
            [
                0.7143876728856264,
                0.845086965677232,
                -0.020271726528619815,
                -0.21596296245088614
            ]
        ]
    },
    "{\"max_depth\": 2, \"n_estimators\": 100, \"random_state\": 42}": {
        "train_kge": [
            [
                0.6382067779231303,
                0.7629391515872597,
                -0.00010907932782768803,
                -0.27277196148413674
            ],
            [
                0.6551946411898013,
                0.777141988384452,
                -0.00013556054142598305,
                -0.26252570342578985
            ]
        ],
        "test_kge": [
            [
                0.5289834445209254,
                0.6873998903190437,
                -0.029399022540935092,
                -0.32763487159276405
            ],
            [
                0.4951092431190525,
                0.6761001211501482,
                -0.03873917743962154,
                -0.35641792749927326
            ]
        ]
    },
    "{\"max_depth\": 10, \"n_estimators\": 100, \"random_state\": 42}": {
        "train_kge": [
            [
                0.9703471081505659,
                0.9876740780736354,
                0.0002807419862087768,
                -0.02696134137428883
            ],
            [
                0.9387944285817984,
                0.9759718286018885,
                0.00040041271855897345,
                -0.056271899750624986
            ]
        ],
        "test_kge": [
            [
                0.7564480389687382,
                0.8683424553905462,
                -0.027624868567881444,
                -0.15164688957632294
            ],
            [
                0.7119532692375979,
                0.8408077145522043,
                -0.025730795430083785,
                -0.21804422033951681
            ]
        ]
    },
    "{\"max_depth\": 40, \"n_estimators\": 100, \"random_state\": 42}": {
        "train_kge": [
            [
                0.9876376271417711,
                0.9978206776116212,
                0.0010754443537587476,
                -0.012120068834955311
            ],
            [
                0.9617320021963673,
                0.9927339629529721,
                0.0031334373042862574,
                -0.037438724670655565
            ]
        ],
        "test_kge": [
            [
                0.7535860091034937,
                0.8709147768557045,
                -0.02169911861275786,
                -0.149703089251136
            ],
            [
                0.7149657399783795,
                0.8452248608286217,
                -0.020391310793615936,
                -0.21523766581694864
            ]
        ]
    },
    "{\"max_depth\": 60, \"n_estimators\": 100, \"random_state\": 42}": {
        "train_kge": [
            [
                0.9876471956474226,
                0.9978191202902774,
                0.0010778145809045903,
                -0.01210955202874624
            ],
            [
                0.9617747629852638,
                0.9927280640057816,
                0.0031439126676059636,
                -0.03739298790281098
            ]
        ],
        "test_kge": [
            [
                0.7543976152521885,
                0.8706398116223237,
                -0.021841818587653394,
                -0.1502046324789274
            ],
            [
                0.7143876728856265,
                0.845086965677232,
                -0.020271726528619815,
                -0.21596296245088614
            ]
        ]
    },
    "{\"max_depth\": 20, \"n_estimators\": 200, \"random_state\": 42}": {
        "train_kge": [
            [
                0.9874645631022686,
                0.9977589717648858,
                0.001076841334976031,
                -0.012284684408613033
            ],
            [
                0.961774281483244,
                0.9928200168101327,
                0.0030417044610478784,
                -0.037421266580924574
            ]
        ],
        "test_kge": [
            [
                0.7617591145695679,
                0.8744063295821174,
                -0.020770288163547247,
                -0.14868619038910516
            ],
            [
                0.7189255545737605,
                0.8469141116737674,
                -0.017969604074107838,
                -0.2138701976174484
            ]
        ]
    }
}